{"map":[{"p":[],"v":[{"k":[5777.97168,3,-9842.496]},{"k":[6652.52637,3,-9367.01]}]}]}